parent_id,email,first_name,last_name,relationship,phone,created_at
9de027f0-54af-42fd-8563-bc58d31e7fab,family001.dad@demo.los,Dad,Family001,father,,
10111018-6bc9-4fa7-a050-9b8a081a439d,family001.mom@demo.los,Mom,Family001,mother,,
f4dad250-ac26-47b0-969b-9a317598b7e2,family002.dad@demo.los,Dad,Family002,father,,
936b5d92-9f81-46a2-8390-8b8d9dc2c3b5,family002.mom@demo.los,Mom,Family002,mother,,
9d2fa784-38db-403b-b1db-8205b5a59257,family003.dad@demo.los,Dad,Family003,father,,
3c2a14a1-41e1-403e-b4d0-9934ee514545,family003.mom@demo.los,Mom,Family003,mother,,
e0468ccf-dcdc-4804-81c7-9199c2717213,family004.dad@demo.los,Dad,Family004,father,,
cb4e6540-d816-4b7b-9753-e061344f3095,family004.mom@demo.los,Mom,Family004,mother,,
0b2ae360-2a96-4002-a596-a27cfe5e370f,family005.dad@demo.los,Dad,Family005,father,,
7b765290-4d7d-4f87-a2c4-f067d3d1b1bd,family005.mom@demo.los,Mom,Family005,mother,,
